{"cameraMode":{"drawMode":0,"name":"Shaded","section":"Shading Mode"},"sceneLighting":false,"audioPlay":false,"sceneViewState":{"m_AlwaysRefresh":false,"showFog":true,"showSkybox":false,"showFlares":true,"showImageEffects":true,"showParticleSystems":true,"showVisualEffectGraphs":true,"m_FxEnabled":true},"in2DMode":false,"pivot":{"x":18.500001907348634,"y":16.748207092285158,"z":18.049999237060548},"rotation":{"x":0.6920909881591797,"y":-0.004547251854091883,"z":0.004360351245850325,"w":0.7217884063720703},"size":2.490701198577881,"orthographic":false}